path	source_url	commit	retrieved	license	mode
tier1-real-world/fotografm/ascii-webcam__pages__index.mu	https://github.com/fotografm/nomadnet-pages/blob/8be96f562b5df8af7ee88f70da68a8d19d15b9a0/ascii-webcam/pages/index.mu	8be96f562b5df8af7ee88f70da68a8d19d15b9a0	2026-09-07	MIT	100644
tier1-real-world/fotografm/jpeg-webcam__pages__index.mu	https://github.com/fotografm/nomadnet-pages/blob/8be96f562b5df8af7ee88f70da68a8d19d15b9a0/jpeg-webcam/pages/index.mu	8be96f562b5df8af7ee88f70da68a8d19d15b9a0	2026-09-07	MIT	100644
tier1-real-world/fotografm/lora-rnode__pages__index.mu	https://github.com/fotografm/nomadnet-pages/blob/8be96f562b5df8af7ee88f70da68a8d19d15b9a0/lora-rnode/pages/index.mu	8be96f562b5df8af7ee88f70da68a8d19d15b9a0	2026-09-07	MIT	100644
tier1-real-world/fotografm/pingplotter__pages__index.mu	https://github.com/fotografm/nomadnet-pages/blob/8be96f562b5df8af7ee88f70da68a8d19d15b9a0/pingplotter/pages/index.mu	8be96f562b5df8af7ee88f70da68a8d19d15b9a0	2026-09-07	MIT	100644
tier1-real-world/md2mu/micron.mu	https://github.com/randogoth/md2mu/blob/49e1da7620acdeaacca082179dd04f2f7ea66aef/micron.mu	49e1da7620acdeaacca082179dd04f2f7ea66aef	2026-09-07	MIT	100644
tier1-real-world/micron-parser-go/micron__testdata__languages.mu	https://github.com/Quad4-Software/Micron-Parser-Go/blob/2a079a75f62282e85a11389bbd325b3f23683d47/micron/testdata/languages.mu	2a079a75f62282e85a11389bbd325b3f23683d47	2026-09-07	0BSD	100644
tier1-real-world/micron-parser-go/micron__testdata__regressions__figlet-backslash.mu	https://github.com/Quad4-Software/Micron-Parser-Go/blob/2a079a75f62282e85a11389bbd325b3f23683d47/micron/testdata/regressions/figlet-backslash.mu	2a079a75f62282e85a11389bbd325b3f23683d47	2026-09-07	0BSD	100644
tier1-real-world/micron-parser-go/micron__testdata__regressions__relay-timestamp.mu	https://github.com/Quad4-Software/Micron-Parser-Go/blob/2a079a75f62282e85a11389bbd325b3f23683d47/micron/testdata/regressions/relay-timestamp.mu	2a079a75f62282e85a11389bbd325b3f23683d47	2026-09-07	0BSD	100644
tier1-real-world/micron-parser-go/micron__testdata__regressions__xss-plain.mu	https://github.com/Quad4-Software/Micron-Parser-Go/blob/2a079a75f62282e85a11389bbd325b3f23683d47/micron/testdata/regressions/xss-plain.mu	2a079a75f62282e85a11389bbd325b3f23683d47	2026-09-07	0BSD	100644
tier1-real-world/micron-parser-go/web__static__data__languages.mu	https://github.com/Quad4-Software/Micron-Parser-Go/blob/2a079a75f62282e85a11389bbd325b3f23683d47/web/static/data/languages.mu	2a079a75f62282e85a11389bbd325b3f23683d47	2026-09-07	0BSD	100644
tier1-real-world/micronaut/tests__example.mu	https://github.com/cyypherus/micronaut/blob/21c02c67a7c98a429f2049887cb1a8e4780fe429/tests/example.mu	21c02c67a7c98a429f2049887cb1a8e4780fe429	2026-09-07	MIT	100644
tier1-real-world/nomadcast/examples__storage__pages__index.mu	https://github.com/jamesdwilson/nomadcast/blob/f6352eed020c8cdc00d139a6ae0383fa23e98c35/examples/storage/pages/index.mu	f6352eed020c8cdc00d139a6ae0383fa23e98c35	2026-09-07	MIT	100644
tier1-real-world/nomadcast/nomadcastd__templates__nomadnet_index.mu	https://github.com/jamesdwilson/nomadcast/blob/f6352eed020c8cdc00d139a6ae0383fa23e98c35/nomadcastd/templates/nomadnet_index.mu	f6352eed020c8cdc00d139a6ae0383fa23e98c35	2026-09-07	MIT	100644
tier1-real-world/partyline/README.mu	https://github.com/RFnexus/partyline/blob/d54e09a6ee8cad4beae8d7d70583bd86ce02a6e2/README.mu	d54e09a6ee8cad4beae8d7d70583bd86ce02a6e2	2026-09-07	Unlicense	100644
tier1-real-world/ren-browser/internal__content__editor_template.mu	https://github.com/Quad4-Software/Ren-Browser/blob/036b2c1465d8ec4b55b834eb6ad2ec5fba97c83d/internal/content/editor_template.mu	036b2c1465d8ec4b55b834eb6ad2ec5fba97c83d	2026-09-07	MIT	100644
tier1-real-world/tree-sitter-micron/examples__demo.mu	https://github.com/SullivanPrell/tree-sitter-micron/blob/35fe426ca8a786f5619a4a2fc1717c36f7221520/examples/demo.mu	35fe426ca8a786f5619a4a2fc1717c36f7221520	2026-09-07	MIT	100644
tier3-canonical/guide-channels.mu	https://github.com/markqvist/NomadNet (Guide.py, nomadnet 1.4.0)	pypi:nomadnet==1.4.0	2026-09-07	GPL-3.0-or-later	?
tier3-canonical/guide-concepts.mu	https://github.com/markqvist/NomadNet (Guide.py, nomadnet 1.4.0)	pypi:nomadnet==1.4.0	2026-09-07	GPL-3.0-or-later	?
tier3-canonical/guide-config.mu	https://github.com/markqvist/NomadNet (Guide.py, nomadnet 1.4.0)	pypi:nomadnet==1.4.0	2026-09-07	GPL-3.0-or-later	?
tier3-canonical/guide-conversations.mu	https://github.com/markqvist/NomadNet (Guide.py, nomadnet 1.4.0)	pypi:nomadnet==1.4.0	2026-09-07	GPL-3.0-or-later	?
tier3-canonical/guide-displaytest.mu	https://github.com/markqvist/NomadNet (Guide.py, nomadnet 1.4.0)	pypi:nomadnet==1.4.0	2026-09-07	GPL-3.0-or-later	?
tier3-canonical/guide-first-run.mu	https://github.com/markqvist/NomadNet (Guide.py, nomadnet 1.4.0)	pypi:nomadnet==1.4.0	2026-09-07	GPL-3.0-or-later	?
tier3-canonical/guide-hosting.mu	https://github.com/markqvist/NomadNet (Guide.py, nomadnet 1.4.0)	pypi:nomadnet==1.4.0	2026-09-07	GPL-3.0-or-later	?
tier3-canonical/guide-interfaces.mu	https://github.com/markqvist/NomadNet (Guide.py, nomadnet 1.4.0)	pypi:nomadnet==1.4.0	2026-09-07	GPL-3.0-or-later	?
tier3-canonical/guide-introduction.mu	https://github.com/markqvist/NomadNet (Guide.py, nomadnet 1.4.0)	pypi:nomadnet==1.4.0	2026-09-07	GPL-3.0-or-later	?
tier3-canonical/guide-licenses.mu	https://github.com/markqvist/NomadNet (Guide.py, nomadnet 1.4.0)	pypi:nomadnet==1.4.0	2026-09-07	GPL-3.0-or-later	?
tier3-canonical/guide-markup.mu	https://github.com/markqvist/NomadNet (Guide.py, nomadnet 1.4.0)	pypi:nomadnet==1.4.0	2026-09-07	GPL-3.0-or-later	?
tier3-canonical/guide-networks.mu	https://github.com/markqvist/NomadNet (Guide.py, nomadnet 1.4.0)	pypi:nomadnet==1.4.0	2026-09-07	GPL-3.0-or-later	?
tier3-canonical/guide-shortcuts.mu	https://github.com/markqvist/NomadNet (Guide.py, nomadnet 1.4.0)	pypi:nomadnet==1.4.0	2026-09-07	GPL-3.0-or-later	?
